{
  "n_runs": 7,
  "metrics_schema": {
    "accuracy": "mean+-std across runs",
    "balanced_accuracy": "mean+-std across runs",
    "macro_f1": "mean+-std across runs",
    "class_recall_gap": "mean+-std across runs; lower is better",
    "per_subject_acc_mean": "mean+-std of run-level per-subject mean accuracy",
    "per_subject_acc_std": "mean+-std of run-level per-subject std accuracy"
  },
  "aggregate": {
    "accuracy_mean": 0.5178571428571428,
    "accuracy_std": 0.02354014277772047,
    "balanced_accuracy_mean": 0.5178571428571429,
    "balanced_accuracy_std": 0.023540142777720454,
    "macro_f1_mean": 0.45041540438243294,
    "macro_f1_std": 0.15529314158735819,
    "class_recall_gap_mean": 0.37142857142857144,
    "class_recall_gap_std": 0.2921206379566179,
    "per_subject_acc_mean_mean": 0.5178571428571429,
    "per_subject_acc_mean_std": 0.023540142777720468,
    "per_subject_acc_std_mean": 0.049837193171302925,
    "per_subject_acc_std_std": 0.015313658774447245
  },
  "runs": [
    {
      "run_dir": "/home/uais5/hkw/neural_token/experiments/runs/mi_eeg_token_20260130_205321",
      "experiment": "mi_eeg_token",
      "accuracy": 0.5125,
      "balanced_accuracy": 0.5125000000000001,
      "macro_f1": 0.21476510067114093,
      "class_recall_gap": 0.7583333333333334,
      "per_subject_acc_mean": 0.5125,
      "per_subject_acc_std": 0.032004773949452524
    },
    {
      "run_dir": "/home/uais5/hkw/neural_token/experiments/runs/mi_eeg_token_20260316_114909",
      "experiment": "mi_eeg_token",
      "accuracy": 0.5125,
      "balanced_accuracy": 0.5125000000000001,
      "macro_f1": 0.21476510067114093,
      "class_recall_gap": 0.7583333333333334,
      "per_subject_acc_mean": 0.5125,
      "per_subject_acc_std": 0.032004773949452524
    },
    {
      "run_dir": "/home/uais5/hkw/neural_token/experiments/runs/mi_eeg_token_aug_20260130_222111",
      "experiment": "mi_eeg_token_aug",
      "accuracy": 0.5583333333333333,
      "balanced_accuracy": 0.5583333333333333,
      "macro_f1": 0.5267857142857143,
      "class_recall_gap": 0.13333333333333336,
      "per_subject_acc_mean": 0.5583333333333333,
      "per_subject_acc_std": 0.05335936864527373
    },
    {
      "run_dir": "/home/uais5/hkw/neural_token/experiments/runs/mi_fnirs_token_20260130_210744",
      "experiment": "mi_fnirs_token",
      "accuracy": 0.49166666666666664,
      "balanced_accuracy": 0.49166666666666664,
      "macro_f1": 0.5447761194029851,
      "class_recall_gap": 0.23333333333333328,
      "per_subject_acc_mean": 0.4916666666666667,
      "per_subject_acc_std": 0.047871355387816894
    },
    {
      "run_dir": "/home/uais5/hkw/neural_token/experiments/runs/mi_fnirs_token_20260316_120320",
      "experiment": "mi_fnirs_token",
      "accuracy": 0.4875,
      "balanced_accuracy": 0.48750000000000004,
      "macro_f1": 0.4675324675324675,
      "class_recall_gap": 0.07500000000000001,
      "per_subject_acc_mean": 0.48750000000000004,
      "per_subject_acc_std": 0.04145780987944251
    },
    {
      "run_dir": "/home/uais5/hkw/neural_token/experiments/runs/mi_multimodal_token_20260130_200330",
      "experiment": "mi_multimodal_token",
      "accuracy": 0.5208333333333334,
      "balanced_accuracy": 0.5208333333333334,
      "macro_f1": 0.627831715210356,
      "class_recall_gap": 0.575,
      "per_subject_acc_mean": 0.5208333333333334,
      "per_subject_acc_std": 0.07395099728874518
    },
    {
      "run_dir": "/home/uais5/hkw/neural_token/experiments/runs/mi_multimodal_token_20260316_121015",
      "experiment": "mi_multimodal_token",
      "accuracy": 0.5416666666666666,
      "balanced_accuracy": 0.5416666666666666,
      "macro_f1": 0.5564516129032258,
      "class_recall_gap": 0.06666666666666665,
      "per_subject_acc_mean": 0.5416666666666667,
      "per_subject_acc_std": 0.0682112730989371
    }
  ]
}